ItemID,SKU,ProductName,Category,Supplier,Unit,PurchasePrice,SalePrice,StockQuantity,ReorderLevel,ReorderQuantity,Location,DateAdded,LastRestockDate,ExpirationDate,PurchasePriceTotal,SalePriceTotal
ITEM0001,MÓV-00001,Smart Caneta,Móveis,DistribuidoraBeta,cx,29.39,33.8,44,78,146,A9-P36,2024-08-08,2025-02-01,,1293.16,1487.1999999999998
ITEM0002,INF-00002,Eco Camisa,Informática,Delta Supply,kg,97.48,113.08,241,83,127,A5-P21,2023-07-20,2024-05-22,,23492.68,27252.28
ITEM0003,CAL-00003,Ultra Copo,Calçados,MegaFornecimentos,cx,23.03,44.22,336,20,90,A1-P46,2021-03-12,2023-10-06,,7738.08,14857.92
ITEM0004,HIG-00004,Slim Parafuso,Higiene Pessoal,GrupoAlfa,un,208.67,386.04,146,14,27,A2-P17,2020-04-17,2023-07-05,2020-09-30,30465.82,56361.840000000004
ITEM0005,INF-00005,Eco Lâmpada,Informática,NorteImport,un,181.53,335.83,100,16,154,A9-P37,2025-05-21,2025-10-17,,18153.0,33583.0
ITEM0006,ROU-00006,Super Fone,Roupas,NovaLog,kg,329.51,464.61,202,18,48,A3-P10,2023-07-17,2024-10-26,,66561.02,93851.22
ITEM0007,MAT-00007,Max Parafuso,Material de Escritório,AurumTrade,cx,482.43,911.79,339,13,187,A6-P21,2024-04-30,2025-03-12,,163543.77,309096.81
ITEM0008,ALI-00008,Eco Papel,Alimentos,FornecExpress,kg,368.05,610.96,44,39,18,A8-P39,2024-02-24,2024-10-22,2026-11-10,16194.2,26882.24
ITEM0009,ILU-00009,Advance Papel,Iluminação,DistribuidoraBeta,un,311.05,535.01,342,21,88,A9-P31,2021-02-19,2021-08-15,,106379.1,182973.41999999998
ITEM0010,FER-00010,Pro Arroz,Ferramentas,Delta Supply,lt,684.81,1438.1,455,12,35,A1-P25,2025-06-02,2025-10-05,,311588.55,654335.5
ITEM0011,ELE-00011,Ultra Caneta,Eletrônicos,DistribuidoraBeta,kg,297.06,606.0,56,40,60,A3-P18,2020-03-16,2023-03-29,,16635.36,33936.0
ITEM0012,HIG-00012,Eco Martelo,Higiene Pessoal,EconDistrib,cx,615.19,1193.47,7,98,83,A2-P25,2020-10-22,2021-10-10,2021-08-02,4306.33,8354.29
ITEM0013,MAT-00013,Super Analgésico,Material de Escritório,AurumTrade,cx,56.93,96.78,7,75,162,A5-P24,2020-11-24,2021-05-10,,398.51,677.46
ITEM0014,MÓV-00014,Super Lâmpada,Móveis,DistribuidoraBeta,un,361.08,440.52,167,49,155,A1-P17,2024-06-15,2025-08-13,,60300.36,73566.84
ITEM0015,ACE-00015,Pro Copo,Acessórios,EconDistrib,un,420.9,921.77,453,25,161,A3-P30,2024-07-11,2025-01-03,,190667.69999999998,417561.81
ITEM0016,LIM-00016,Advance Cadeira,Limpeza,NorteImport,cx,719.5,906.57,248,26,118,A1-P30,2024-06-26,2025-09-07,,178436.0,224829.36000000002
ITEM0017,MAT-00017,Eco Martelo,Material de Escritório,GrupoAlfa,un,725.7,1560.26,200,92,66,A8-P9,2025-04-14,2025-06-09,,145140.0,312052.0
ITEM0018,ALI-00018,Compact Caneta,Alimentos,FornecExpress,un,309.31,439.22,497,52,76,A4-P7,2021-09-26,2022-10-18,2022-12-01,153727.07,218292.34000000003
ITEM0019,CAL-00019,Plus SSD,Calçados,NovaLog,lt,423.25,617.94,384,44,46,A3-P28,2021-03-03,2023-04-07,,162528.0,237288.96000000002
ITEM0020,MED-00020,Compact Papel,Medicamentos,ComercialSul,cx,184.44,343.06,180,52,83,A2-P33,2022-09-01,2024-09-18,2025-08-13,33199.2,61750.8
ITEM0021,ILU-00021,Pro Parafuso,Iluminação,EconDistrib,kg,718.59,1142.56,133,41,53,A9-P42,2023-07-07,2023-09-21,,95572.47,151960.47999999998
ITEM0022,ILU-00022,Compact Tênis,Iluminação,Delta Supply,un,46.68,101.76,339,94,66,A10-P29,2024-06-11,2025-03-29,,15824.52,34496.64
ITEM0023,ALI-00023,Compact Tênis,Alimentos,NovaLog,lt,137.66,162.44,334,37,13,A6-P50,2021-05-18,2022-10-06,2023-08-26,45978.44,54254.96
ITEM0024,ACE-00024,Compact Martelo,Acessórios,ComercialSul,kg,485.63,966.4,190,65,196,A7-P2,2024-05-02,2025-11-08,,92269.7,183616.0
ITEM0025,MED-00025,Plus Caneta,Medicamentos,DistribuidoraBeta,un,287.47,457.08,483,98,96,A6-P35,2023-09-05,2023-12-11,2025-08-21,138848.01,220769.63999999998
ITEM0026,MAT-00026,Ultra HD,Material de Escritório,ComercialSul,kg,666.6,1013.23,276,41,153,A5-P47,2024-08-14,2025-11-06,,183981.6,279651.48
ITEM0027,INF-00027,Compact SSD,Informática,Delta Supply,lt,758.96,1404.08,481,96,90,A10-P23,2025-05-02,2025-06-30,,365059.76,675362.48
ITEM0028,LIM-00028,Plus Caneta,Limpeza,NovaLog,cx,363.53,785.22,174,83,100,A4-P12,2021-01-18,2024-11-28,,63254.219999999994,136628.28
ITEM0029,CAL-00029,Slim Teclado,Calçados,DistribuidoraBeta,lt,736.4,927.86,425,37,22,A9-P17,2020-10-13,2022-03-23,,312970.0,394340.5
ITEM0030,ILU-00030,Slim Tênis,Iluminação,AurumTrade,kg,490.37,902.28,117,24,143,A1-P38,2025-03-02,2025-08-09,,57373.29,105566.76
ITEM0031,INF-00031,Compact Lâmpada,Informática,EconDistrib,lt,22.16,35.68,459,66,183,A8-P37,2020-03-27,2021-08-08,,10171.44,16377.119999999999
ITEM0032,MED-00032,Slim Mesa,Medicamentos,FornecExpress,lt,690.74,1498.91,98,25,64,A4-P46,2021-05-14,2022-03-29,2021-09-07,67692.52,146893.18000000002
ITEM0033,INF-00033,Compact Camisa,Informática,GrupoAlfa,kg,732.06,915.07,164,63,45,A2-P48,2022-03-02,2024-05-14,,120057.84,150071.48
ITEM0034,ALI-00034,Smart Mesa,Alimentos,ComercialSul,lt,518.69,612.05,244,10,159,A1-P10,2021-12-12,2024-09-27,2022-12-11,126560.36000000002,149340.19999999998
ITEM0035,ELE-00035,Smart Boneca,Eletrônicos,NovaLog,cx,755.21,838.28,412,13,123,A1-P47,2022-11-02,2024-06-07,,311146.52,345371.36
ITEM0036,CAL-00036,Smart Shampoo,Calçados,AurumTrade,kg,518.65,570.51,290,6,67,A1-P48,2024-12-24,2025-01-04,,150408.5,165447.9
ITEM0037,ACE-00037,Super Mouse,Acessórios,ComercialSul,lt,533.3,661.29,358,98,197,A6-P47,2020-04-18,2023-02-24,,190921.4,236741.81999999998
ITEM0038,HIG-00038,Super Teclado,Higiene Pessoal,NovaLog,lt,166.91,355.52,67,27,22,A7-P42,2024-12-09,2025-02-20,2026-10-20,11182.97,23819.84
ITEM0039,ILU-00039,Max Camisa,Iluminação,AurumTrade,cx,351.27,491.78,420,73,34,A8-P45,2020-01-13,2021-03-05,,147533.4,206547.59999999998
ITEM0040,ROU-00040,Smart Boneca,Roupas,GrupoAlfa,cx,302.8,663.13,405,24,162,A10-P49,2022-07-23,2024-08-02,,122634.0,268567.65
ITEM0041,MÓV-00041,Compact Camisa,Móveis,NorteImport,cx,292.32,610.95,21,88,98,A9-P4,2023-10-16,2025-09-23,,6138.72,12829.95
ITEM0042,MED-00042,Plus Analgésico,Medicamentos,MegaFornecimentos,un,603.3,808.42,182,86,15,A1-P17,2023-11-22,2025-06-05,2024-06-21,109800.59999999999,147132.44
ITEM0043,CAL-00043,Advance Analgésico,Calçados,GrupoAlfa,un,113.81,166.16,189,11,199,A5-P8,2022-06-21,2024-05-14,,21510.09,31404.239999999998
ITEM0044,MED-00044,Compact Camisa,Medicamentos,DistribuidoraBeta,lt,388.56,446.84,98,83,102,A8-P18,2024-11-18,2024-12-09,2025-02-13,38078.88,43790.32
ITEM0045,ACE-00045,Slim Papel,Acessórios,MegaFornecimentos,kg,68.47,80.11,233,33,76,A7-P38,2020-01-31,2020-04-09,,15953.51,18665.63
ITEM0046,LIM-00046,Compact Parafuso,Limpeza,NorteImport,un,723.16,896.72,468,29,22,A6-P27,2024-05-03,2025-05-30,,338438.88,419664.96
ITEM0047,ILU-00047,Plus Cadeira,Iluminação,Delta Supply,un,127.65,182.54,357,97,76,A2-P49,2022-02-18,2024-07-02,,45571.05,65166.78
ITEM0048,HIG-00048,Plus Caneta,Higiene Pessoal,EconDistrib,lt,527.37,1028.37,295,54,173,A6-P21,2025-04-07,2025-07-18,2025-08-05,155574.15,303369.14999999997
ITEM0049,CAL-00049,Pro Shampoo,Calçados,ComercialSul,kg,677.34,1049.88,243,60,90,A7-P18,2023-02-11,2024-07-09,,164593.62,255120.84000000003
ITEM0050,INF-00050,Advance Tênis,Informática,GrupoAlfa,un,263.29,568.71,17,63,172,A2-P5,2024-05-17,2024-12-13,,4475.93,9668.07
ITEM0051,MAT-00051,Super Camisa,Material de Escritório,GrupoAlfa,un,3.84,8.03,267,41,153,A10-P45,2021-06-29,2021-08-02,,1025.28,2144.0099999999998
ITEM0052,ROU-00052,Ultra Arroz,Roupas,NovaLog,un,281.57,478.67,327,56,37,A1-P24,2024-07-26,2025-06-13,,92073.39,156525.09
ITEM0053,HIG-00053,Plus Shampoo,Higiene Pessoal,EconDistrib,cx,750.43,1620.93,267,68,41,A6-P37,2025-10-17,2025-10-25,2028-09-13,200364.81,432788.31
ITEM0054,ACE-00054,Pro Arroz,Acessórios,FornecExpress,lt,526.91,769.29,285,48,114,A9-P41,2024-11-05,2025-06-17,,150169.34999999998,219247.65
ITEM0055,ALI-00055,Slim HD,Alimentos,NorteImport,un,451.99,858.78,84,32,150,A2-P23,2021-09-23,2025-03-20,2024-09-19,37967.16,72137.52
ITEM0056,MÓV-00056,Smart Fone,Móveis,NovaLog,lt,353.83,541.36,266,95,22,A10-P9,2020-02-09,2023-03-21,,94118.78,144001.76
ITEM0057,BRI-00057,Ultra HD,Brinquedos,NovaLog,cx,478.15,822.42,17,92,105,A4-P39,2025-03-15,2025-09-27,,8128.549999999999,13981.14
ITEM0058,BEB-00058,Advance Papel,Bebidas,EconDistrib,cx,149.65,242.43,320,21,177,A10-P2,2021-03-30,2022-01-21,2021-07-10,47888.0,77577.6
ITEM0059,ALI-00059,Plus Copo,Alimentos,ComercialSul,lt,29.26,33.65,70,97,189,A2-P30,2021-02-01,2022-02-12,2023-08-02,2048.2000000000003,2355.5
ITEM0060,BEB-00060,Ultra Teclado,Bebidas,FornecExpress,lt,300.86,517.48,354,59,16,A10-P2,2023-01-19,2024-07-31,2024-09-24,106504.44,183187.92
ITEM0061,HIG-00061,Eco Copo,Higiene Pessoal,ComercialSul,cx,563.33,771.76,379,29,64,A5-P13,2024-02-21,2024-08-19,2025-07-27,213502.07,292497.04
ITEM0062,ILU-00062,Plus Fone,Iluminação,GrupoAlfa,lt,537.94,817.67,296,52,72,A3-P28,2022-06-10,2024-03-30,,159230.24000000002,242030.31999999998
ITEM0063,CAL-00063,Eco Caneta,Calçados,FornecExpress,lt,360.4,749.63,94,75,114,A9-P23,2023-09-10,2024-02-04,,33877.6,70465.22
ITEM0064,MED-00064,Plus Shampoo,Medicamentos,ComercialSul,un,464.44,831.35,457,17,89,A5-P5,2021-02-09,2021-08-02,2022-10-05,212249.08,379926.95
ITEM0065,MÓV-00065,Slim Mesa,Móveis,DistribuidoraBeta,kg,680.52,898.29,266,41,79,A10-P4,2024-06-15,2024-12-08,,181018.32,238945.13999999998
ITEM0066,LIM-00066,Plus Cadeira,Limpeza,ComercialSul,lt,85.65,178.15,25,46,111,A10-P44,2021-07-20,2025-02-16,,2141.25,4453.75
ITEM0067,BEB-00067,Smart Mesa,Bebidas,Delta Supply,lt,95.49,190.03,374,78,130,A1-P40,2021-04-26,2024-07-22,2023-03-24,35713.259999999995,71071.22
ITEM0068,MED-00068,Smart Analgésico,Medicamentos,Delta Supply,un,254.66,522.05,233,12,72,A5-P33,2022-01-17,2024-08-18,2025-01-02,59335.78,121637.65
ITEM0069,BEB-00069,Pro SSD,Bebidas,ComercialSul,kg,128.45,184.97,328,54,54,A9-P15,2022-07-17,2022-10-30,2023-10-06,42131.6,60670.159999999996
ITEM0070,MED-00070,Smart Boneca,Medicamentos,NorteImport,kg,734.33,1483.35,478,72,27,A2-P3,2020-01-29,2022-01-13,2020-04-09,351009.74,709041.2999999999
ITEM0071,ROU-00071,Slim Lâmpada,Roupas,FornecExpress,kg,359.77,492.88,60,30,129,A8-P41,2023-09-21,2023-12-28,,21586.199999999997,29572.8
ITEM0072,LIM-00072,Super Parafuso,Limpeza,GrupoAlfa,kg,320.39,535.05,314,7,195,A5-P31,2020-07-24,2024-07-28,,100602.45999999999,168005.69999999998
ITEM0073,ACE-00073,Ultra Boneca,Acessórios,FornecExpress,lt,395.92,752.25,209,47,182,A2-P48,2024-11-27,2025-05-24,,82747.28,157220.25
ITEM0074,FER-00074,Slim Papel,Ferramentas,AurumTrade,cx,67.64,144.75,230,47,26,A9-P23,2025-08-28,2025-09-11,,15557.2,33292.5
ITEM0075,HIG-00075,Eco SSD,Higiene Pessoal,EconDistrib,lt,369.02,487.11,300,26,50,A6-P38,2021-01-07,2024-08-08,2021-04-09,110706.0,146133.0
ITEM0076,CAL-00076,Compact HD,Calçados,AurumTrade,un,576.19,991.05,92,91,153,A5-P17,2020-03-22,2024-02-09,,53009.48,91176.59999999999
ITEM0077,FER-00077,Slim Mouse,Ferramentas,ComercialSul,un,461.58,858.54,278,8,137,A4-P44,2020-08-03,2022-02-17,,128319.23999999999,238674.12
ITEM0078,MAT-00078,Max Fone,Material de Escritório,FornecExpress,un,316.9,361.27,39,70,40,A7-P16,2025-05-15,2025-06-10,,12359.099999999999,14089.529999999999
ITEM0079,ROU-00079,Compact Teclado,Roupas,MegaFornecimentos,kg,736.99,1577.16,183,65,54,A7-P28,2020-04-30,2021-12-21,,134869.17,288620.28
ITEM0080,BRI-00080,Compact Parafuso,Brinquedos,NovaLog,kg,180.47,258.07,496,16,79,A10-P10,2025-08-04,2025-08-05,,89513.12,128002.72
ITEM0081,ACE-00081,Pro Cadeira,Acessórios,NorteImport,cx,171.9,226.91,145,19,142,A2-P50,2021-04-24,2022-11-15,,24925.5,32901.95
ITEM0082,ALI-00082,Max Shampoo,Alimentos,EconDistrib,un,259.17,497.61,96,86,84,A8-P28,2024-10-09,2025-06-26,2025-08-07,24880.32,47770.56
ITEM0083,MÓV-00083,Pro HD,Móveis,DistribuidoraBeta,un,276.66,412.22,254,30,102,A10-P32,2022-11-06,2023-02-24,,70271.64,104703.88
ITEM0084,BEB-00084,Ultra Cadeira,Bebidas,EconDistrib,kg,504.06,1038.36,152,34,116,A1-P17,2025-08-16,2025-08-16,2027-09-22,76617.12,157830.71999999997
ITEM0085,FER-00085,Pro Martelo,Ferramentas,ComercialSul,cx,258.82,445.17,4,85,10,A3-P42,2023-04-11,2023-06-21,,1035.28,1780.68
ITEM0086,BEB-00086,Advance SSD,Bebidas,MegaFornecimentos,un,423.43,736.77,245,91,98,A8-P22,2023-02-10,2023-11-18,2025-11-09,103740.35,180508.65
ITEM0087,CAL-00087,Ultra Lâmpada,Calçados,NovaLog,kg,246.71,424.34,250,12,26,A6-P49,2023-06-04,2025-04-26,,61677.5,106085.0
ITEM0088,FER-00088,Smart Cadeira,Ferramentas,Delta Supply,kg,478.21,975.55,399,43,56,A9-P10,2022-06-12,2024-09-04,,190805.78999999998,389244.44999999995
ITEM0089,ACE-00089,Plus SSD,Acessórios,NovaLog,lt,380.18,726.14,320,74,115,A5-P48,2025-04-29,2025-05-30,,121657.6,232364.8
ITEM0090,MAT-00090,Smart Copo,Material de Escritório,MegaFornecimentos,un,183.52,264.27,148,35,78,A7-P14,2024-03-08,2024-11-02,,27160.960000000003,39111.96
ITEM0091,ILU-00091,Plus Tênis,Iluminação,NorteImport,cx,59.78,101.63,74,96,102,A5-P48,2024-05-06,2025-02-26,,4423.72,7520.62
ITEM0092,BEB-00092,Smart Teclado,Bebidas,NovaLog,lt,578.54,769.46,202,79,150,A2-P38,2021-12-19,2023-03-05,2024-11-28,116865.07999999999,155430.92
ITEM0093,ILU-00093,Advance Copo,Iluminação,AurumTrade,kg,347.91,511.43,378,85,23,A2-P40,2022-12-05,2025-10-28,,131509.98,193320.54
ITEM0094,ROU-00094,Smart Tênis,Roupas,NovaLog,cx,402.46,466.85,459,40,104,A1-P31,2021-07-01,2024-02-23,,184729.13999999998,214284.15000000002
ITEM0095,ALI-00095,Advance Lâmpada,Alimentos,ComercialSul,lt,365.3,778.09,95,53,113,A6-P15,2024-10-01,2025-06-19,2027-09-29,34703.5,73918.55
ITEM0096,CAL-00096,Ultra Caneta,Calçados,NorteImport,un,434.27,820.77,433,53,139,A10-P26,2022-12-05,2024-01-07,,188038.91,355393.41
ITEM0097,BEB-00097,Eco Monitor,Bebidas,MegaFornecimentos,kg,320.88,564.75,347,98,177,A9-P6,2024-12-03,2025-05-14,2025-02-13,111345.36,195968.25
ITEM0098,ROU-00098,Super Mouse,Roupas,GrupoAlfa,kg,20.85,36.49,6,5,65,A8-P44,2020-04-06,2025-05-13,,125.10000000000001,218.94
ITEM0099,ACE-00099,Pro Parafuso,Acessórios,ComercialSul,cx,239.49,277.81,227,27,88,A2-P10,2025-02-04,2025-10-26,,54364.23,63062.87
ITEM0100,INF-00100,Max Boneca,Informática,MegaFornecimentos,kg,140.62,179.99,159,84,159,A1-P36,2020-02-07,2022-07-11,,22358.58,28618.41
ITEM0101,ACE-00101,Advance Mouse,Acessórios,FornecExpress,kg,690.52,766.48,408,21,41,A2-P42,2023-04-12,2024-03-12,,281732.16,312723.84
ITEM0102,HIG-00102,Plus Martelo,Higiene Pessoal,Delta Supply,un,224.52,271.67,311,64,114,A6-P42,2023-01-22,2024-01-22,2023-10-07,69825.72,84489.37000000001
ITEM0103,ACE-00103,Ultra Parafuso,Acessórios,EconDistrib,cx,649.06,1096.91,349,60,151,A3-P24,2021-01-01,2022-09-11,,226521.93999999997,382821.59
ITEM0104,ACE-00104,Super Boneca,Acessórios,DistribuidoraBeta,lt,345.17,535.01,124,97,174,A9-P13,2024-01-12,2025-04-29,,42801.08,66341.24
ITEM0105,BEB-00105,Plus Fone,Bebidas,FornecExpress,kg,456.25,876.0,325,61,187,A10-P3,2020-10-13,2022-11-20,2023-04-22,148281.25,284700.0
ITEM0106,HIG-00106,Super SSD,Higiene Pessoal,Delta Supply,cx,592.6,960.01,442,20,136,A4-P14,2023-02-21,2024-04-07,2024-02-14,261929.2,424324.42
ITEM0107,ELE-00107,Advance Martelo,Eletrônicos,ComercialSul,lt,7.25,11.53,108,82,17,A8-P41,2020-03-21,2023-10-30,,783.0,1245.24
ITEM0108,BRI-00108,Advance Parafuso,Brinquedos,FornecExpress,un,332.93,429.48,143,10,92,A5-P12,2023-01-06,2025-09-18,,47608.99,61415.64
ITEM0109,MAT-00109,Ultra Mouse,Material de Escritório,DistribuidoraBeta,cx,292.05,385.51,264,36,85,A6-P19,2020-01-07,2021-09-19,,77101.2,101774.64
ITEM0110,ROU-00110,Pro Boneca,Roupas,Delta Supply,cx,708.04,1465.64,121,34,90,A5-P42,2024-07-25,2024-09-01,,85672.84,177342.44
ITEM0111,HIG-00111,Compact Mesa,Higiene Pessoal,GrupoAlfa,cx,323.62,530.74,263,37,87,A1-P46,2024-05-02,2025-06-10,2024-12-06,85112.06,139584.62
ITEM0112,MÓV-00112,Compact SSD,Móveis,NovaLog,un,439.46,949.23,280,63,183,A1-P7,2023-10-21,2023-12-05,,123048.79999999999,265784.4
ITEM0113,MED-00113,Slim Papel,Medicamentos,ComercialSul,kg,398.32,836.47,316,23,80,A1-P47,2021-06-26,2025-10-08,2023-10-08,125869.12,264324.52
ITEM0114,CAL-00114,Pro Boneca,Calçados,MegaFornecimentos,un,227.91,423.91,27,54,94,A2-P42,2023-11-14,2024-02-21,,6153.57,11445.570000000002
ITEM0115,LIM-00115,Pro Cadeira,Limpeza,NorteImport,un,309.03,429.55,165,47,158,A8-P24,2021-11-13,2025-10-02,,50989.95,70875.75
ITEM0116,LIM-00116,Compact Caneta,Limpeza,NovaLog,un,38.68,61.11,254,93,41,A8-P41,2025-06-27,2025-09-20,,9824.72,15521.94
ITEM0117,ILU-00117,Slim Boneca,Iluminação,MegaFornecimentos,lt,478.37,698.42,65,77,30,A6-P34,2023-05-10,2024-08-24,,31094.05,45397.299999999996
ITEM0118,ALI-00118,Max Copo,Alimentos,AurumTrade,un,536.53,692.12,59,26,141,A6-P41,2022-04-02,2023-02-02,2023-07-08,31655.269999999997,40835.08
ITEM0119,MÓV-00119,Slim Cadeira,Móveis,MegaFornecimentos,un,491.48,638.92,168,96,112,A7-P30,2021-10-27,2024-07-22,,82568.64,107338.56
ITEM0120,LIM-00120,Slim Parafuso,Limpeza,NorteImport,un,443.83,581.42,498,32,185,A10-P20,2024-10-10,2025-10-06,,221027.34,289547.16
ITEM0121,ALI-00121,Advance HD,Alimentos,GrupoAlfa,kg,258.14,387.21,483,37,158,A5-P16,2025-04-10,2025-07-14,2026-03-05,124681.62,187022.43
ITEM0122,BRI-00122,Smart Analgésico,Brinquedos,ComercialSul,lt,279.58,559.16,55,56,167,A8-P2,2025-07-05,2025-08-03,,15376.9,30753.8
ITEM0123,HIG-00123,Compact Caneta,Higiene Pessoal,GrupoAlfa,lt,293.6,478.57,394,9,51,A9-P28,2020-12-15,2024-05-12,2021-03-29,115678.40000000001,188556.58
ITEM0124,BEB-00124,Advance Fone,Bebidas,MegaFornecimentos,lt,13.03,20.2,100,17,10,A9-P27,2021-05-07,2023-07-18,2023-01-13,1303.0,2020.0
ITEM0125,HIG-00125,Ultra Papel,Higiene Pessoal,EconDistrib,un,456.98,744.88,387,21,66,A5-P32,2020-06-10,2023-11-30,2022-06-11,176851.26,288268.56
ITEM0126,MED-00126,Plus Martelo,Medicamentos,DistribuidoraBeta,lt,299.11,349.96,209,67,47,A1-P39,2021-09-10,2023-07-22,2021-11-22,62513.990000000005,73141.64
ITEM0127,MED-00127,Eco Fone,Medicamentos,MegaFornecimentos,kg,227.24,490.84,114,41,164,A6-P13,2024-12-13,2025-04-30,2026-02-16,25905.36,55955.759999999995
ITEM0128,BRI-00128,Super Tênis,Brinquedos,FornecExpress,kg,244.99,357.69,223,94,185,A10-P7,2025-05-12,2025-08-26,,54632.770000000004,79764.87
ITEM0129,MÓV-00129,Slim Boneca,Móveis,EconDistrib,cx,413.18,702.41,349,99,16,A7-P11,2023-11-02,2024-09-16,,144199.82,245141.09
ITEM0130,BRI-00130,Pro Tênis,Brinquedos,GrupoAlfa,cx,533.88,1009.03,320,56,46,A9-P42,2022-08-15,2023-06-01,,170841.6,322889.6
ITEM0131,LIM-00131,Advance Mesa,Limpeza,EconDistrib,kg,414.73,642.83,407,38,187,A8-P29,2022-06-03,2025-10-03,,168795.11000000002,261631.81000000003
ITEM0132,ELE-00132,Smart SSD,Eletrônicos,NovaLog,cx,324.4,512.55,373,40,142,A2-P29,2021-05-25,2021-06-09,,121001.2,191181.15
ITEM0133,MED-00133,Advance SSD,Medicamentos,EconDistrib,un,523.96,916.93,417,52,37,A1-P29,2024-02-26,2024-05-03,2025-10-02,218491.32,382359.81
ITEM0134,MÓV-00134,Pro Mesa,Móveis,NovaLog,un,536.78,778.33,171,48,147,A4-P42,2021-01-12,2023-04-18,,91789.37999999999,133094.43
ITEM0135,ELE-00135,Advance Shampoo,Eletrônicos,NovaLog,cx,666.33,872.89,255,56,79,A4-P35,2022-06-18,2025-08-24,,169914.15000000002,222586.94999999998
ITEM0136,ALI-00136,Ultra Boneca,Alimentos,NorteImport,un,578.74,1093.82,10,35,42,A10-P31,2024-09-21,2024-11-10,2026-08-30,5787.4,10938.199999999999
ITEM0137,ACE-00137,Eco Lâmpada,Acessórios,AurumTrade,un,206.02,337.87,97,94,41,A1-P8,2022-08-21,2024-02-16,,19983.940000000002,32773.39
ITEM0138,MED-00138,Pro Shampoo,Medicamentos,Delta Supply,lt,380.25,456.3,393,27,186,A1-P37,2024-08-16,2025-10-16,2026-05-12,149438.25,179325.9
ITEM0139,BRI-00139,Plus Copo,Brinquedos,ComercialSul,kg,639.18,952.38,386,16,110,A8-P46,2024-05-20,2024-09-15,,246723.47999999998,367618.68
ITEM0140,MAT-00140,Advance Parafuso,Material de Escritório,EconDistrib,cx,27.66,42.87,265,74,181,A3-P42,2025-02-10,2025-09-10,,7329.9,11360.55
ITEM0141,LIM-00141,Pro SSD,Limpeza,ComercialSul,cx,558.29,921.18,115,78,81,A1-P27,2022-08-01,2024-11-15,,64203.35,105935.7
ITEM0142,MED-00142,Ultra Tênis,Medicamentos,AurumTrade,kg,381.08,640.21,143,53,115,A4-P13,2020-12-23,2021-04-25,2023-09-24,54494.439999999995,91550.03
ITEM0143,ELE-00143,Eco Papel,Eletrônicos,ComercialSul,lt,355.31,504.54,186,75,40,A7-P20,2021-08-13,2023-02-25,,66087.66,93844.44
ITEM0144,BEB-00144,Advance Papel,Bebidas,Delta Supply,lt,349.55,426.45,380,90,130,A6-P1,2023-12-19,2024-04-26,2025-11-28,132829.0,162051.0
ITEM0145,MED-00145,Slim Shampoo,Medicamentos,DistribuidoraBeta,un,26.15,50.99,227,50,145,A3-P3,2021-04-30,2023-07-16,2022-05-08,5936.049999999999,11574.73
ITEM0146,ACE-00146,Smart Shampoo,Acessórios,Delta Supply,un,422.85,917.58,396,52,145,A8-P47,2024-06-13,2024-07-15,,167448.6,363361.68
ITEM0147,MED-00147,Compact Teclado,Medicamentos,EconDistrib,kg,89.06,140.71,385,59,78,A5-P42,2025-02-09,2025-07-20,2025-11-23,34288.1,54173.350000000006
ITEM0148,MAT-00148,Max SSD,Material de Escritório,AurumTrade,un,406.6,727.81,426,7,12,A4-P26,2023-11-09,2025-07-17,,173211.6,310047.06
ITEM0149,MED-00149,Ultra Parafuso,Medicamentos,NovaLog,kg,233.99,446.92,408,72,12,A9-P4,2023-06-23,2024-07-23,2026-01-23,95467.92,182343.36000000002
ITEM0150,LIM-00150,Smart Lâmpada,Limpeza,AurumTrade,lt,477.68,893.26,330,13,97,A1-P13,2024-06-25,2025-03-10,,157634.4,294775.8
ITEM0151,MED-00151,Smart HD,Medicamentos,DistribuidoraBeta,cx,92.52,177.64,436,81,183,A8-P10,2020-01-29,2022-01-17,2020-12-19,40338.72,77451.04
ITEM0152,ACE-00152,Compact Lâmpada,Acessórios,FornecExpress,un,329.09,467.31,257,21,83,A6-P46,2021-03-13,2021-11-18,,84576.12999999999,120098.67
ITEM0153,BEB-00153,Advance SSD,Bebidas,EconDistrib,kg,302.16,386.76,197,63,55,A10-P18,2020-09-23,2022-10-25,2021-01-21,59525.520000000004,76191.72
ITEM0154,INF-00154,Ultra Boneca,Informática,AurumTrade,kg,252.68,459.88,160,33,187,A10-P30,2023-11-13,2025-01-16,,40428.8,73580.8
ITEM0155,ACE-00155,Compact Tênis,Acessórios,Delta Supply,un,531.33,1078.6,314,42,116,A10-P37,2025-09-11,2025-11-08,,166837.62000000002,338680.39999999997
ITEM0156,MÓV-00156,Slim Camisa,Móveis,NovaLog,un,216.24,278.95,219,63,161,A10-P3,2025-07-23,2025-08-11,,47356.560000000005,61090.049999999996
ITEM0157,BRI-00157,Max SSD,Brinquedos,ComercialSul,kg,404.3,683.27,93,65,71,A10-P31,2022-09-16,2025-08-16,,37599.9,63544.11
ITEM0158,BRI-00158,Eco Tênis,Brinquedos,NorteImport,un,363.14,435.77,86,82,112,A4-P24,2020-10-20,2024-09-29,,31230.039999999997,37476.22
ITEM0159,FER-00159,Slim Shampoo,Ferramentas,MegaFornecimentos,cx,252.76,454.97,440,80,167,A3-P26,2020-11-27,2021-01-31,,111214.4,200186.80000000002
ITEM0160,INF-00160,Plus Cadeira,Informática,DistribuidoraBeta,kg,352.9,518.76,498,69,165,A10-P39,2023-02-19,2025-03-03,,175744.19999999998,258342.47999999998
ITEM0161,INF-00161,Eco SSD,Informática,ComercialSul,un,121.83,188.84,419,60,133,A7-P50,2024-08-03,2025-11-05,,51046.77,79123.96
ITEM0162,ELE-00162,Eco Caneta,Eletrônicos,DistribuidoraBeta,kg,264.88,336.4,431,10,142,A6-P1,2024-02-16,2025-08-11,,114163.28,144988.4
ITEM0163,FER-00163,Slim HD,Ferramentas,EconDistrib,kg,44.61,87.88,406,65,178,A2-P15,2025-02-11,2025-06-12,,18111.66,35679.28
ITEM0164,FER-00164,Eco Parafuso,Ferramentas,DistribuidoraBeta,cx,71.92,84.15,496,78,120,A4-P15,2020-04-22,2020-10-07,,35672.32,41738.4
ITEM0165,ROU-00165,Advance Papel,Roupas,FornecExpress,lt,462.26,508.49,163,56,48,A8-P23,2021-01-15,2021-05-21,,75348.38,82883.87
ITEM0166,ROU-00166,Super Arroz,Roupas,FornecExpress,cx,498.81,698.33,75,56,135,A6-P43,2021-10-13,2025-01-22,,37410.75,52374.75
ITEM0167,MAT-00167,Ultra Cadeira,Material de Escritório,NovaLog,lt,374.05,628.4,238,84,119,A4-P15,2021-08-25,2024-06-24,,89023.90000000001,149559.19999999998
ITEM0168,FER-00168,Ultra Mouse,Ferramentas,ComercialSul,cx,10.92,21.29,245,23,54,A8-P38,2025-03-08,2025-08-28,,2675.4,5216.05
ITEM0169,BEB-00169,Plus Mouse,Bebidas,NovaLog,cx,333.27,453.25,298,89,191,A9-P48,2025-02-18,2025-10-13,2026-07-09,99314.45999999999,135068.5
ITEM0170,ROU-00170,Advance Analgésico,Roupas,AurumTrade,cx,625.53,1157.23,461,16,59,A8-P5,2025-03-05,2025-07-06,,288369.33,533483.03
ITEM0171,ELE-00171,Plus Arroz,Eletrônicos,ComercialSul,kg,511.19,991.71,427,14,37,A4-P36,2020-10-10,2025-08-13,,218278.13,423460.17000000004
ITEM0172,BRI-00172,Smart SSD,Brinquedos,Delta Supply,kg,473.0,624.36,450,97,94,A2-P31,2023-12-27,2025-04-16,,212850.0,280962.0
ITEM0173,HIG-00173,Super Papel,Higiene Pessoal,FornecExpress,kg,464.29,1002.87,481,51,196,A6-P32,2023-07-01,2023-07-08,2024-05-13,223323.49000000002,482380.47000000003
ITEM0174,FER-00174,Pro Mesa,Ferramentas,DistribuidoraBeta,lt,31.36,53.63,277,46,50,A9-P7,2022-08-26,2023-10-16,,8686.72,14855.51
ITEM0175,ALI-00175,Smart Mouse,Alimentos,MegaFornecimentos,kg,520.83,1140.62,82,94,125,A6-P29,2025-07-28,2025-08-14,2025-12-05,42708.060000000005,93530.84
ITEM0176,MAT-00176,Pro Arroz,Material de Escritório,EconDistrib,un,325.0,471.25,466,22,160,A5-P30,2024-01-24,2024-08-06,,151450.0,219602.5
ITEM0177,LIM-00177,Pro Copo,Limpeza,GrupoAlfa,lt,439.56,786.81,345,15,50,A7-P35,2025-07-13,2025-08-25,,151648.2,271449.44999999995
ITEM0178,HIG-00178,Compact Caneta,Higiene Pessoal,EconDistrib,kg,212.08,277.82,321,69,101,A4-P49,2025-09-26,2025-10-11,2028-01-07,68077.68000000001,89180.22
ITEM0179,HIG-00179,Super Fone,Higiene Pessoal,AurumTrade,kg,45.11,98.34,421,67,91,A10-P27,2023-01-12,2023-04-03,2025-10-16,18991.31,41401.14
ITEM0180,ALI-00180,Advance Camisa,Alimentos,FornecExpress,cx,737.58,1268.64,212,15,139,A2-P1,2021-04-01,2025-09-19,2024-01-28,156366.96000000002,268951.68
ITEM0181,MED-00181,Smart Analgésico,Medicamentos,NovaLog,un,717.44,961.37,204,81,186,A4-P12,2022-09-11,2023-11-12,2024-06-03,146357.76,196119.48
ITEM0182,ACE-00182,Advance Fone,Acessórios,NorteImport,lt,401.76,823.61,182,38,90,A5-P6,2025-09-17,2025-10-14,,73120.31999999999,149897.02
ITEM0183,BRI-00183,Plus Teclado,Brinquedos,MegaFornecimentos,un,462.58,786.39,50,100,36,A8-P31,2020-11-05,2021-10-08,,23129.0,39319.5
ITEM0184,ROU-00184,Ultra HD,Roupas,DistribuidoraBeta,cx,153.53,296.31,454,21,36,A9-P27,2025-05-27,2025-10-04,,69702.62,134524.74
ITEM0185,HIG-00185,Slim Boneca,Higiene Pessoal,ComercialSul,un,217.58,422.11,253,56,131,A8-P18,2023-10-25,2025-03-26,2024-01-08,55047.740000000005,106793.83
ITEM0186,ACE-00186,Slim Mouse,Acessórios,MegaFornecimentos,cx,17.03,19.75,86,49,174,A10-P31,2023-12-23,2024-04-22,,1464.5800000000002,1698.5
ITEM0187,ELE-00187,Max Shampoo,Eletrônicos,FornecExpress,cx,434.58,860.47,183,56,25,A2-P39,2024-05-23,2025-02-15,,79528.14,157466.01
ITEM0188,MÓV-00188,Max Arroz,Móveis,GrupoAlfa,cx,669.39,1325.39,142,59,100,A10-P43,2025-11-03,2025-11-05,,95053.38,188205.38
ITEM0189,ELE-00189,Super Caneta,Eletrônicos,DistribuidoraBeta,kg,469.15,558.29,46,20,63,A6-P12,2024-08-14,2025-01-01,,21580.899999999998,25681.339999999997
ITEM0190,ACE-00190,Eco Monitor,Acessórios,ComercialSul,cx,407.13,753.19,39,93,200,A2-P39,2020-08-23,2021-03-16,,15878.07,29374.410000000003
ITEM0191,MED-00191,Slim Lâmpada,Medicamentos,MegaFornecimentos,cx,194.18,326.22,100,18,84,A1-P12,2024-04-04,2024-04-22,2026-10-11,19418.0,32622.000000000004
ITEM0192,ROU-00192,Ultra Papel,Roupas,ComercialSul,un,624.59,1099.28,428,84,62,A6-P11,2020-04-30,2022-08-22,,267324.52,470491.83999999997
ITEM0193,FER-00193,Plus Lâmpada,Ferramentas,EconDistrib,lt,405.47,725.79,462,81,41,A4-P29,2023-03-31,2024-05-30,,187327.14,335314.98
ITEM0194,ILU-00194,Smart Papel,Iluminação,AurumTrade,lt,498.47,902.23,362,42,57,A1-P49,2024-06-18,2025-10-30,,180446.14,326607.26
ITEM0195,ILU-00195,Ultra Arroz,Iluminação,AurumTrade,lt,332.53,399.04,69,77,81,A9-P4,2025-05-20,2025-07-30,,22944.57,27533.760000000002
ITEM0196,ELE-00196,Smart Teclado,Eletrônicos,NovaLog,lt,788.7,1151.5,403,23,177,A5-P46,2022-11-08,2025-10-16,,317846.10000000003,464054.5
ITEM0197,BEB-00197,Max Mesa,Bebidas,FornecExpress,lt,510.31,857.32,493,11,37,A9-P21,2023-07-11,2024-10-26,2025-07-29,251582.83,422658.76
ITEM0198,ILU-00198,Compact Boneca,Iluminação,NovaLog,kg,791.61,1614.88,38,81,90,A3-P22,2021-07-23,2025-04-11,,30081.18,61365.44
ITEM0199,CAL-00199,Advance Boneca,Calçados,NovaLog,cx,278.87,315.12,448,91,155,A2-P31,2025-11-05,2025-11-05,,124933.76000000001,141173.76
ITEM0200,ILU-00200,Eco HD,Iluminação,MegaFornecimentos,un,208.8,327.82,38,34,184,A8-P29,2025-01-13,2025-03-29,,7934.400000000001,12457.16
ITEM0201,FER-00201,Plus Analgésico,Ferramentas,DistribuidoraBeta,un,295.64,467.11,208,84,118,A2-P49,2024-01-29,2025-05-17,,61493.119999999995,97158.88
ITEM0202,ROU-00202,Ultra Martelo,Roupas,MegaFornecimentos,lt,377.84,596.99,368,94,58,A4-P33,2020-01-19,2020-08-04,,139045.12,219692.32
ITEM0203,LIM-00203,Pro Camisa,Limpeza,Delta Supply,cx,155.71,230.45,24,46,46,A3-P12,2021-02-07,2025-09-02,,3737.04,5530.799999999999
ITEM0204,INF-00204,Smart Mouse,Informática,EconDistrib,un,305.64,611.28,191,94,162,A3-P49,2022-05-03,2022-07-31,,58377.24,116754.48
ITEM0205,ACE-00205,Super Boneca,Acessórios,EconDistrib,cx,183.16,304.05,155,40,178,A8-P6,2020-05-24,2021-07-12,,28389.8,47127.75
ITEM0206,INF-00206,Eco Papel,Informática,MegaFornecimentos,kg,394.96,663.53,127,17,39,A1-P32,2021-03-13,2025-09-29,,50159.92,84268.31
ITEM0207,INF-00207,Advance Fone,Informática,NorteImport,kg,557.12,707.54,69,59,16,A8-P36,2021-03-01,2021-12-11,,38441.28,48820.259999999995
ITEM0208,ILU-00208,Pro Copo,Iluminação,EconDistrib,kg,523.88,958.7,81,92,125,A3-P20,2021-10-19,2022-08-10,,42434.28,77654.7
ITEM0209,MÓV-00209,Eco Mouse,Móveis,NovaLog,cx,207.3,358.63,241,32,32,A5-P22,2022-10-25,2024-09-10,,49959.3,86429.83
ITEM0210,INF-00210,Eco Teclado,Informática,Delta Supply,cx,534.35,977.86,396,77,18,A9-P16,2024-07-19,2024-07-29,,211602.6,387232.56
ITEM0211,ALI-00211,Smart Analgésico,Alimentos,NorteImport,un,572.07,755.13,337,14,99,A10-P32,2023-11-07,2024-03-29,2025-08-15,192787.59000000003,254478.81
ITEM0212,CAL-00212,Advance Caneta,Calçados,AurumTrade,kg,727.23,1381.74,199,21,58,A2-P34,2022-07-10,2022-10-12,,144718.77,274966.26
ITEM0213,INF-00213,Super Cadeira,Informática,FornecExpress,cx,793.65,1619.05,398,27,123,A5-P40,2020-06-21,2023-06-23,,315872.7,644381.9
ITEM0214,MAT-00214,Compact Analgésico,Material de Escritório,EconDistrib,cx,416.17,565.99,420,82,125,A5-P39,2021-12-07,2023-04-25,,174791.4,237715.80000000002
ITEM0215,LIM-00215,Compact Boneca,Limpeza,GrupoAlfa,lt,190.84,230.92,173,85,83,A1-P38,2024-03-31,2025-10-17,,33015.32,39949.159999999996
ITEM0216,BEB-00216,Plus Mouse,Bebidas,NorteImport,un,665.41,858.38,369,7,147,A7-P7,2021-10-19,2024-07-31,2024-01-08,245536.28999999998,316742.22
ITEM0217,LIM-00217,Advance Papel,Limpeza,Delta Supply,kg,618.34,1236.68,42,48,64,A10-P42,2024-07-31,2025-09-27,,25970.280000000002,51940.560000000005
ITEM0218,LIM-00218,Compact Lâmpada,Limpeza,NorteImport,lt,636.68,1088.72,141,5,73,A10-P32,2020-01-24,2023-06-11,,89771.87999999999,153509.52
ITEM0219,CAL-00219,Advance Mesa,Calçados,Delta Supply,un,619.58,997.52,468,22,64,A1-P12,2023-02-18,2024-10-08,,289963.44,466839.36
ITEM0220,FER-00220,Super Mouse,Ferramentas,MegaFornecimentos,lt,486.53,895.22,436,18,125,A1-P40,2025-06-02,2025-10-21,,212127.08,390315.92
ITEM0221,LIM-00221,Smart Tênis,Limpeza,GrupoAlfa,cx,284.47,412.48,214,68,143,A6-P40,2025-07-16,2025-07-23,,60876.58000000001,88270.72
ITEM0222,HIG-00222,Plus Camisa,Higiene Pessoal,NovaLog,cx,99.43,175.0,307,48,190,A8-P30,2020-10-25,2020-11-08,2022-02-16,30525.010000000002,53725.0
ITEM0223,ROU-00223,Plus Fone,Roupas,FornecExpress,un,348.72,519.59,123,15,48,A6-P11,2024-02-17,2024-11-22,,42892.560000000005,63909.57000000001
ITEM0224,HIG-00224,Compact Copo,Higiene Pessoal,DistribuidoraBeta,cx,182.8,332.7,307,31,16,A7-P42,2020-12-29,2025-08-29,2022-08-03,56119.600000000006,102138.9
ITEM0225,FER-00225,Smart Papel,Ferramentas,DistribuidoraBeta,lt,659.83,917.16,57,49,118,A9-P32,2024-05-18,2025-01-29,,37610.310000000005,52278.119999999995
ITEM0226,INF-00226,Slim Papel,Informática,GrupoAlfa,un,775.28,1333.48,28,65,24,A9-P43,2020-04-22,2023-04-22,,21707.84,37337.44
ITEM0227,FER-00227,Eco HD,Ferramentas,Delta Supply,cx,120.26,151.53,425,85,69,A3-P18,2023-11-22,2024-01-06,,51110.5,64400.25
ITEM0228,MÓV-00228,Super Tênis,Móveis,AurumTrade,cx,343.37,525.36,244,99,87,A3-P31,2021-05-06,2024-09-27,,83782.28,128187.84
ITEM0229,MAT-00229,Ultra Copo,Material de Escritório,MegaFornecimentos,cx,20.65,32.42,400,9,115,A7-P47,2020-05-14,2020-11-18,,8260.0,12968.0
ITEM0230,ACE-00230,Pro Camisa,Acessórios,AurumTrade,cx,336.55,582.23,497,8,133,A6-P42,2025-07-13,2025-09-08,,167265.35,289368.31
ITEM0231,LIM-00231,Pro Camisa,Limpeza,NorteImport,un,798.32,1181.51,234,56,42,A2-P30,2023-04-29,2023-07-28,,186806.88,276473.34
ITEM0232,ILU-00232,Compact Analgésico,Iluminação,ComercialSul,cx,507.53,817.12,245,76,105,A5-P31,2022-09-12,2023-09-01,,124344.84999999999,200194.4
ITEM0233,ILU-00233,Eco Camisa,Iluminação,EconDistrib,cx,685.23,973.03,126,70,115,A2-P7,2022-03-30,2022-11-17,,86338.98,122601.78
ITEM0234,HIG-00234,Slim Arroz,Higiene Pessoal,NorteImport,un,676.42,879.35,36,68,49,A5-P36,2025-02-18,2025-07-02,2027-05-25,24351.12,31656.600000000002
ITEM0235,MÓV-00235,Max Camisa,Móveis,GrupoAlfa,un,119.05,209.53,445,48,54,A3-P23,2024-01-14,2025-10-23,,52977.25,93240.85
ITEM0236,HIG-00236,Super Shampoo,Higiene Pessoal,MegaFornecimentos,cx,757.77,901.75,335,60,25,A4-P6,2022-08-31,2025-07-03,2023-10-08,253852.94999999998,302086.25
ITEM0237,ELE-00237,Super Mouse,Eletrônicos,AurumTrade,lt,317.5,609.6,127,88,187,A4-P10,2025-07-26,2025-07-30,,40322.5,77419.2
ITEM0238,BEB-00238,Ultra Tênis,Bebidas,NovaLog,kg,290.4,522.72,43,54,126,A6-P46,2022-11-07,2024-01-24,2025-05-13,12487.199999999999,22476.960000000003
ITEM0239,INF-00239,Advance Martelo,Informática,AurumTrade,cx,470.92,781.73,300,93,158,A10-P18,2024-05-09,2025-04-18,,141276.0,234519.0
ITEM0240,ROU-00240,Advance SSD,Roupas,EconDistrib,un,163.31,310.29,151,63,158,A5-P42,2020-12-10,2023-06-21,,24659.81,46853.79
ITEM0241,BEB-00241,Eco Boneca,Bebidas,ComercialSul,cx,290.76,468.12,199,42,187,A5-P48,2022-06-04,2025-09-09,2023-02-21,57861.24,93155.88
ITEM0242,ELE-00242,Super Teclado,Eletrônicos,FornecExpress,un,179.59,210.12,57,72,79,A4-P16,2021-03-03,2025-09-29,,10236.630000000001,11976.84
ITEM0243,MAT-00243,Pro HD,Material de Escritório,FornecExpress,kg,773.06,1546.12,464,15,139,A2-P22,2022-09-05,2024-02-12,,358699.83999999997,717399.6799999999
ITEM0244,MÓV-00244,Ultra Boneca,Móveis,NorteImport,un,115.19,229.23,39,89,117,A6-P2,2022-12-05,2023-09-19,,4492.41,8939.97
ITEM0245,FER-00245,Super Teclado,Ferramentas,NorteImport,kg,85.61,135.26,260,72,72,A3-P33,2020-09-01,2023-03-27,,22258.6,35167.6
ITEM0246,INF-00246,Ultra Fone,Informática,DistribuidoraBeta,lt,189.32,333.2,366,68,105,A1-P50,2023-08-13,2024-11-15,,69291.12,121951.2
ITEM0247,MAT-00247,Max Lâmpada,Material de Escritório,GrupoAlfa,kg,172.78,253.99,77,64,157,A4-P34,2020-04-02,2025-02-14,,13304.06,19557.23
ITEM0248,MAT-00248,Super Teclado,Material de Escritório,AurumTrade,cx,626.25,1227.45,320,75,56,A4-P17,2025-09-19,2025-10-25,,200400.0,392784.0
ITEM0249,ILU-00249,Plus Teclado,Iluminação,NovaLog,un,661.79,1085.34,438,55,120,A8-P45,2021-02-13,2021-10-02,,289864.01999999996,475378.92
ITEM0250,ILU-00250,Max Cadeira,Iluminação,Delta Supply,cx,154.51,230.22,51,58,168,A3-P13,2021-06-02,2023-02-25,,7880.009999999999,11741.22
ITEM0251,FER-00251,Plus HD,Ferramentas,ComercialSul,un,393.94,716.97,383,29,41,A2-P29,2021-09-07,2023-12-15,,150879.02,274599.51
ITEM0252,FER-00252,Super Mouse,Ferramentas,ComercialSul,cx,632.9,1050.61,84,68,61,A9-P12,2020-01-02,2020-04-09,,53163.6,88251.23999999999
ITEM0253,HIG-00253,Super Monitor,Higiene Pessoal,NovaLog,cx,543.58,1087.16,27,20,186,A9-P18,2022-10-28,2024-07-17,2025-04-16,14676.660000000002,29353.320000000003
ITEM0254,LIM-00254,Eco Tênis,Limpeza,FornecExpress,kg,325.68,586.22,92,20,182,A4-P2,2021-04-16,2024-08-20,,29962.56,53932.240000000005
ITEM0255,BEB-00255,Advance Cadeira,Bebidas,DistribuidoraBeta,lt,192.75,325.75,118,14,133,A7-P21,2024-08-18,2025-10-02,2025-01-17,22744.5,38438.5
ITEM0256,CAL-00256,Compact Fone,Calçados,DistribuidoraBeta,cx,530.26,689.34,422,76,45,A5-P23,2020-11-16,2025-02-01,,223769.72,290901.48000000004
ITEM0257,MED-00257,Plus Mouse,Medicamentos,ComercialSul,un,625.13,806.42,147,5,29,A3-P31,2023-09-06,2025-04-27,2025-02-13,91894.11,118543.73999999999
ITEM0258,ACE-00258,Advance Mouse,Acessórios,NorteImport,cx,541.8,904.81,475,82,169,A1-P27,2025-05-19,2025-09-03,,257354.99999999997,429784.75
ITEM0259,INF-00259,Compact Monitor,Informática,DistribuidoraBeta,kg,545.66,818.49,263,40,100,A7-P5,2025-11-02,2025-11-03,,143508.58,215262.87
ITEM0260,INF-00260,Slim Tênis,Informática,EconDistrib,lt,483.19,980.88,272,44,80,A1-P16,2025-02-24,2025-10-19,,131427.68,266799.36
ITEM0261,FER-00261,Plus SSD,Ferramentas,EconDistrib,kg,230.64,488.96,302,59,134,A4-P47,2024-10-31,2025-11-03,,69653.28,147665.91999999998
ITEM0262,LIM-00262,Eco Analgésico,Limpeza,ComercialSul,lt,21.03,23.34,0,18,21,A10-P37,2022-12-16,2023-11-19,,0.0,0.0
ITEM0263,ACE-00263,Pro Mouse,Acessórios,DistribuidoraBeta,cx,437.32,699.71,115,78,165,A7-P9,2022-03-19,2023-12-08,,50291.799999999996,80466.65000000001
ITEM0264,CAL-00264,Super Mouse,Calçados,Delta Supply,un,546.8,1137.34,75,17,46,A8-P15,2023-05-11,2024-09-16,,41010.0,85300.5
ITEM0265,ALI-00265,Pro Mouse,Alimentos,Delta Supply,kg,394.34,552.08,337,53,151,A1-P24,2020-08-20,2022-07-17,2022-03-17,132892.58,186050.96000000002
ITEM0266,CAL-00266,Eco Shampoo,Calçados,FornecExpress,un,795.96,1345.17,389,88,161,A4-P36,2020-04-11,2023-02-10,,309628.44,523271.13
ITEM0267,ALI-00267,Smart Analgésico,Alimentos,NovaLog,kg,749.33,1034.08,223,18,17,A9-P11,2020-03-20,2022-08-23,2021-11-18,167100.59,230599.84
ITEM0268,ROU-00268,Super Arroz,Roupas,ComercialSul,cx,286.83,424.51,355,43,80,A5-P26,2020-11-10,2022-07-23,,101824.65,150701.05
ITEM0269,ROU-00269,Compact Camisa,Roupas,NovaLog,kg,783.59,1653.37,216,86,167,A8-P38,2022-08-03,2023-02-23,,169255.44,357127.92
ITEM0270,INF-00270,Ultra Boneca,Informática,Delta Supply,un,433.93,555.43,40,40,111,A4-P38,2023-11-28,2024-02-10,,17357.2,22217.199999999997
ITEM0271,MED-00271,Slim Shampoo,Medicamentos,GrupoAlfa,cx,648.79,973.18,345,35,81,A5-P35,2022-07-19,2024-03-12,2022-12-03,223832.55,335747.1
ITEM0272,FER-00272,Compact HD,Ferramentas,ComercialSul,lt,544.45,1110.68,397,95,62,A8-P13,2022-06-04,2022-07-12,,216146.65000000002,440939.96
ITEM0273,MED-00273,Max Parafuso,Medicamentos,NorteImport,kg,38.18,70.25,240,48,155,A5-P44,2021-01-06,2021-01-09,2022-12-19,9163.2,16860.0
ITEM0274,ELE-00274,Max Arroz,Eletrônicos,AurumTrade,cx,394.5,575.97,116,55,168,A6-P49,2022-02-16,2022-05-22,,45762.0,66812.52
ITEM0275,ACE-00275,Compact Tênis,Acessórios,Delta Supply,lt,612.84,962.16,207,94,167,A10-P36,2020-06-23,2024-02-14,,126857.88,199167.12
ITEM0276,MAT-00276,Smart Papel,Material de Escritório,NovaLog,un,558.4,1088.88,397,43,21,A7-P19,2024-02-07,2025-11-04,,221684.8,432285.36000000004
ITEM0277,INF-00277,Slim HD,Informática,AurumTrade,un,419.73,801.68,18,36,41,A4-P19,2021-08-05,2022-07-20,,7555.14,14430.24
ITEM0278,BRI-00278,Pro Copo,Brinquedos,NovaLog,un,482.22,684.75,464,45,83,A4-P17,2020-08-01,2022-07-01,,223750.08000000002,317724.0
ITEM0279,CAL-00279,Pro Tênis,Calçados,Delta Supply,cx,643.72,1332.5,45,67,152,A7-P3,2020-07-13,2024-12-09,,28967.4,59962.5
ITEM0280,ILU-00280,Super SSD,Iluminação,AurumTrade,un,735.86,1089.07,212,77,156,A7-P15,2024-05-02,2025-08-08,,156002.32,230882.84
ITEM0281,ILU-00281,Slim Teclado,Iluminação,EconDistrib,lt,278.06,578.36,348,86,132,A3-P24,2023-08-19,2024-03-22,,96764.88,201269.28
ITEM0282,INF-00282,Pro Arroz,Informática,NorteImport,un,380.29,657.9,353,57,102,A6-P17,2022-05-24,2022-11-01,,134242.37,232238.69999999998
ITEM0283,MAT-00283,Smart Lâmpada,Material de Escritório,MegaFornecimentos,cx,645.24,767.84,249,70,194,A6-P33,2024-01-05,2025-03-08,,160664.76,191192.16
ITEM0284,MÓV-00284,Slim Papel,Móveis,FornecExpress,un,434.52,912.49,419,70,169,A8-P14,2023-12-29,2024-03-16,,182063.88,382333.31
ITEM0285,ALI-00285,Slim Mouse,Alimentos,NorteImport,un,604.4,749.46,276,41,167,A3-P46,2021-05-18,2021-12-16,2022-01-09,166814.4,206850.96000000002
ITEM0286,ROU-00286,Advance HD,Roupas,AurumTrade,un,445.23,623.32,434,31,79,A9-P23,2024-01-02,2024-07-25,,193229.82,270520.88
ITEM0287,MAT-00287,Pro Fone,Material de Escritório,DistribuidoraBeta,cx,757.89,1326.31,220,69,17,A3-P44,2022-03-10,2023-07-11,,166735.8,291788.2
ITEM0288,BEB-00288,Plus Parafuso,Bebidas,DistribuidoraBeta,un,672.28,766.4,265,75,199,A3-P40,2025-07-10,2025-08-07,2027-09-29,178154.19999999998,203096.0
ITEM0289,CAL-00289,Advance Monitor,Calçados,DistribuidoraBeta,un,183.42,324.65,464,70,180,A8-P4,2025-01-19,2025-08-22,,85106.87999999999,150637.59999999998
ITEM0290,INF-00290,Smart Papel,Informática,NorteImport,un,772.57,1506.51,439,79,44,A10-P14,2020-03-22,2025-08-23,,339158.23000000004,661357.89
ITEM0291,ACE-00291,Super HD,Acessórios,NorteImport,un,99.32,162.88,251,99,133,A7-P9,2020-08-07,2024-10-05,,24929.32,40882.88
ITEM0292,FER-00292,Eco Tênis,Ferramentas,NovaLog,cx,672.79,894.81,354,8,25,A7-P50,2020-06-27,2023-05-25,,238167.65999999997,316762.74
ITEM0293,INF-00293,Eco Mouse,Informática,NorteImport,un,702.48,1011.57,348,82,34,A10-P31,2023-05-16,2024-06-02,,244463.04,352026.36000000004
ITEM0294,LIM-00294,Super Fone,Limpeza,EconDistrib,lt,73.99,82.13,451,65,108,A4-P25,2021-12-31,2023-01-15,,33369.49,37040.63
ITEM0295,ALI-00295,Pro Tênis,Alimentos,AurumTrade,lt,144.79,263.52,374,63,136,A4-P8,2024-09-09,2025-08-18,2027-07-21,54151.46,98556.48
ITEM0296,HIG-00296,Ultra Caneta,Higiene Pessoal,EconDistrib,lt,488.72,615.79,405,65,157,A3-P8,2025-05-23,2025-10-25,2028-03-26,197931.6,249394.94999999998
ITEM0297,INF-00297,Super Lâmpada,Informática,Delta Supply,un,426.89,636.07,474,75,138,A7-P32,2023-11-20,2024-10-19,,202345.86,301497.18000000005
ITEM0298,LIM-00298,Smart Teclado,Limpeza,NovaLog,kg,440.73,661.1,482,62,30,A8-P21,2023-07-02,2024-11-24,,212431.86000000002,318650.2
ITEM0299,BRI-00299,Compact Arroz,Brinquedos,NorteImport,kg,287.37,574.74,408,12,197,A5-P27,2020-02-23,2020-10-04,,117246.96,234493.92
ITEM0300,ACE-00300,Ultra Martelo,Acessórios,ComercialSul,lt,156.24,182.8,128,56,11,A2-P26,2022-04-23,2025-04-17,,19998.72,23398.4
